"DESCRIPTION","DURATION IN MS","NAME","PARENT SUITE","START TIME","STATUS","STOP TIME","SUB SUITE","SUITE","TEST CLASS","TEST METHOD"
"","3","fund transfer","chrome","2026-07-22","skipped","2026-07-22","parabank tests","TC.spec.js","",""
"","9110","login","chrome","2026-07-23","passed","2026-07-23","","TC.spec.js","",""
"","30385","logout","chrome","2026-07-19","broken","2026-07-19","parabank tests","TC.spec.js","",""
"","30922","fund transfer","chrome","2026-07-22","broken","2026-07-22","","TC.spec.js","",""
"","2339","register","chrome","2026-07-17","failed","2026-07-17","","TC.spec.js","",""
"","30964","fund transfer and logout","chrome","2026-07-23","broken","2026-07-23","","TC.spec.js","",""
"","11926","register","chrome","2026-07-23","passed","2026-07-23","parabank tests","TC.spec.js","",""
"","5","login","chrome","2026-07-22","skipped","2026-07-22","parabank tests","TC.spec.js","",""
"","31163","register and logout","chrome","2026-07-19","broken","2026-07-19","parabank tests","TC.spec.js","",""
